{"loss": [0.09114700555801392, 0.07332214713096619, 0.06858217716217041, 0.06623486429452896, 0.06482066214084625, 0.06342099606990814, 0.06260859966278076, 0.06184324622154236, 0.06094970926642418, 0.06063724681735039, 0.06021534651517868, 0.05950111150741577, 0.058652363717556, 0.058481086045503616, 0.05837282910943031, 0.05816526710987091, 0.058039482682943344, 0.05795997753739357, 0.05768255516886711, 0.05752597749233246, 0.057399019598960876], "val_loss": [0.06328224390745163, 0.0555877722799778, 0.052480798214673996, 0.053029123693704605, 0.05175280570983887, 0.05100338160991669, 0.049634143710136414, 0.049758512526750565, 0.04823559522628784, 0.04863130301237106, 0.04697132110595703, 0.05175912380218506, 0.04880395531654358, 0.0501931793987751, 0.049524299800395966, 0.049675870686769485, 0.049699537456035614, 0.048902928829193115, 0.047049615532159805, 0.04699963331222534, 0.05023723468184471]}