{"loss": [0.08103936165571213, 0.06060232222080231, 0.05547182634472847, 0.052082717418670654, 0.05032188445329666, 0.04946262016892433, 0.04890787601470947, 0.04842051863670349, 0.04809547960758209, 0.04788294434547424, 0.04770587757229805, 0.047586824744939804, 0.04710882157087326, 0.04711456969380379, 0.04705167934298515, 0.04684287682175636, 0.04654264077544212, 0.0467044897377491, 0.046658653765916824, 0.04633137211203575, 0.04650255665183067, 0.04653506353497505, 0.04638935625553131, 0.04625857248902321, 0.0461549311876297, 0.04592689871788025, 0.0456976592540741, 0.045598454773426056, 0.04577771574258804, 0.04545849189162254, 0.045406557619571686, 0.04532343149185181, 0.045255038887262344, 0.04537104815244675], "val_loss": [0.04842893406748772, 0.04534309357404709, 0.04124342277646065, 0.042610492557287216, 0.03949237987399101, 0.03713618591427803, 0.03779828920960426, 0.03680173307657242, 0.03803180903196335, 0.03686723858118057, 0.036700136959552765, 0.03481912240386009, 0.03578037768602371, 0.03697018697857857, 0.03557606041431427, 0.03640766069293022, 0.03542819246649742, 0.03672017529606819, 0.03427346050739288, 0.03631497174501419, 0.03571834787726402, 0.03521186113357544, 0.03495168685913086, 0.03381241858005524, 0.03404459357261658, 0.03494729474186897, 0.03389813005924225, 0.0340917631983757, 0.03566398099064827, 0.03543388098478317, 0.03652253374457359, 0.03564551845192909, 0.035565610975027084, 0.03652820363640785]}